ASD,Seizure,Comorbidity
XIST,ADGRB3,ADGRV1
ADGRV1,AC092691.1,AC092691.1
AC092691.1,ADGRV1,ADGRB3
ADGRB3,ADGRL3,OBI1-AS1
OBI1-AS1,CARMIL1,ADGRL3
ADGRL3,GPR98,AL589740.1
AL589740.1,BAI3,HSPA1A
HSPA1A,OBI1-AS1,CALM2
CARMIL1,AL589740.1,CARMIL1
AC073050.1,RP11-384F7.2,AC073050.1
NR4A3,AC114971.1,HSPA1B
PLPP3,RNF219-AS1,CHI3L1
DPH6-AS1,AC073050.1,PLPP3
CALM2,RASGEF1B,ERBIN
ERBIN,ERBIN,MT-ND3
HSPA1B,AC002429.2,COX5B
PRKN,LHFPL6,TMSB4X
MTND2P28,LPHN3,PRKN
SEPTIN7,MALAT1,MT-ND2
ASB3,ASB3,SEPTIN7
ADGRG1,GAREM1,ASB3
GRAMD2B,PRKN,RPS27
ZFP36,LINC00472,ADGRG1
AC002429.2,LRRC16A,RPS15
CH17-472G23.1,RP11-436D23.1,GRAMD2B
GADD45B,AL137139.2,CHCHD2
MT1X,LINGO1,AC002429.2
FTH1P8,AL109809.5,PLSCR1
DANT2,PLPP3,MT1X
RPS27,SOX5,MTATP6P1
RP5-965F6.2,LINC00486,DANT2
GAREM1,GRAMD2B,GAREM1
CCL2,MT-RNR2,HES5
PLSCR1,AC106845.1,CCL2
HILPDA,PARK2,GPX4
AL137139.2,AC074363.1,HILPDA
CHI3L1,MIR100HG,GFAP
AL109809.5,SEPT7,TCF25
SYTL4,CCN1,AL137139.2
AC114971.1,RP11-444D3.1,CCK
SNHG25,AC073475.1,ZFYVE28
LHFPL6,SLC26A3,AL109809.5
GNA14-AS1,HSPA1A,ARHGEF3
ZFYVE28,AC079352.1,SLC39A14
TUT4,SPARCL1,STMN1
CD44,MTSS2,HSPB1
MTSS2,GRAMD3,AC114971.1
LUC7L2,PPAP2B,SNHG25
MROH7,ADGRG1,LHFPL6
AC002460.2,SEPTIN7,ZFP36
SLC14A1,AF117829.1,CD44
PRDM16-DT,MRTFA,IFITM3
CPNE8,GAREM,TUT4
AC073475.1,SEPTIN11,APOD
ATP5ME,INO80D,FOS
ALDOC,HSPA1B,MTSS2
GMDS-DT,HSPB1,TPST1
AOPEP,AC007389.1,SLC14A1
AC053513.1,AC003991.1,LUC7L2
AL139260.1,SOX2,AC002460.2
AC087854.1,AC002460.2,MROH7
LINC02649,DANT2,CRISPLD1
PANTR1,TMEM14B,PRDM16-DT
LEPR,NEAT1,AC073475.1
MSMO1,AC002069.2,ATP5ME
ADGRA3,LINC02649,ALDOC
ANGPTL4,LINC01748,NGFRAP1
GASK1A,LINC00513,MATN2
AC087564.1,TUT4,ELL2
AC091826.2,AFDN,GMDS-DT
ITPKC,SNHG25,AOPEP
CTSD,TAFA1,BEX1
OGA,ERBB2IP,AC053513.1
MIR4300HG,RP11-166D19.1,AL139260.1
TPST1,BCYRN1,AC087854.1
GFRA1,LINC01473,LINC02649
AC007389.1,MTSS1L,PANTR1
MATN2,RP11-761E20.1,LINC00969
CCDC18-AS1,ANKHD1,ANGPTL4
VAMP2,SMYD3,YTHDF1
RP5-857K21.6,LHFP,RPL41
LINC01748,FOS,GNA14-AS1
TENT2,SLC6A1-AS1,FXYD1
YTHDF1,COP1,MIR100HG
MEIKIN,LCNL1,ZFP36L1
FXYD1,AC002429.5,ADGRA3
PROS1,AL392086.3,GASK1A
AL392086.3,AC091826.2,AC087564.1
AFDN,ZNRF3,AC091826.2
HHATL,LRP4,CTSD
ECPAS,RP11-154D17.1,OGA
ELL2,GPR56,MIR4300HG
ARHGEF3,RP1-34H18.1,AC007389.1
RPL41,GMDS-AS1,RP5-857K21.6
AP002336.2,AL160272.1,CCDC18-AS1
PCNX1,LARGE1,VAMP2
BABAM2,AC092924.2,LINC01748
MIR100HG,PPP3R1,BAALC-AS1
SELENOW,TENT2,TENT2
HSD17B7,SGK3,MEIKIN
SOCS3,AC009041.2,LINC00472
MRTFB,ZCCHC11,YWHAH
FTLP3,AC087564.1,PTMAP2
DCHS2,ADGRA3,AL392086.3
AC072062.1,GPR75-ASB3.1,AFDN
AC097518.2,FAM19A1,SOCS3
ANKHD1,LINC-PINT,HHATL
ATP6V0C,PLPP1,ECPAS
EIF4A1,OGA,PCP4
RP11-561I11.4,AL513217.1,DUSP1
AC009120.4,PANTR1,PFKP
SEPTIN8,KDM4C,SERPINA3
SERPINA3,AC098829.1,AP002336.2
JDP2,TNRC6A,PCNX1
APOD,TMSB4X,XIRP2
ZIC1,GMDS-DT,BABAM2
AC008957.2,AC046134.2,SULF1
FLJ39080,WASHC1,SELENOW
AC078842.4,AC097518.2,LDLR
ABCD4,CCNH,MRTFB
CH507-513H4.1,CCDC18-AS1,FAS
AC009041.2,ITPRID2,AC097518.2
SEPTIN11,MIR4300HG,ANKHD1
SPATA13,AC053513.1,ITPKC
CPLANE1,AC074391.1,ATP6V0C
AC098829.1,AC138627.1,EIF4A1
AC046134.2,PRODH,MTND1P23
GARS-DT,CALM2,ZIC1
NSD3,SUZ12P1,KDM4C
TXNIP,AC091078.1,HDHD3
RP11-114N19.3,ZNF37BP,SEPTIN8
MTND1P23,CTD-2282P23.2,ATPIF1
AF117829.1,PFKFB2,AC008957.2
NRDC,FNIP1,AC009041.2
PLPP1,LINC00693,RP11-517I3.2
RABGEF1,RP11-179A16.1,PLP1
AL160272.1,LUC7L2,SEPTIN11
SEPTIN2,TMSB10,DNAJB1
HACD3,AC008957.2,SPATA13
TMEM14B,DNAJB1,RABGEF1
STX16,GPR125,AC105402.4
GPX4,RP4-717I23.3,CPLANE1
METRN,CTSD,AC098829.1
ANOS1,HHATL,AC046134.2
FNIP1,METRN,GARS-DT
COP1,LINC01158,NSD3
AL391807.1,SEPTIN2,HINT1
GBP1,MROH7,AF117829.1
EMP1,AC099792.1,NRDC
AC011346.1,LARGE,PLPP1
LGALS3,CTC-498M16.4,AIFM3
LINC00472,PCNX1,SHC1
AIFM3,RP11-776H12.1,AL160272.1
NIPSNAP2,AC104596.1,SEPTIN2
SHC1,MMD2,HACD3
ATP5F1E,ATP5ME,TMEM14B
LINC01578,AL022068.1,STX16
GALNT16,C9orf3,GFRA1
OSMR-AS1,ANOS1,METRN
SLC39A14,AC108519.1,ANOS1
AC053527.2,AP000487.6,COP1
DGLUCY,MYORG,RP11-611E13.2
C7orf60,MGEA5,NPDC1
FTH1P10,ALDH4A1,UCHL1
PPP3R1,SPATA13,AL391807.1
SOX2,FXYD1,TCEAL2
CRISPLD1,RHOT2,STMN2
AC099792.1,AC079142.1,FNIP1
NORAD,SEPW1,AC011346.1
LINC00513,AC016831.1,OSMR
TMEM94,RP5-864K19.4,ARL6IP1
TAFA5,AL078604.4,NPAS4
ARMH4,GRK3,GAP43
AC106845.1,BRE,NIPSNAP2
PWWP3A,AL049828.1,RBPMS
BEX3,RP11-679C8.2,MIF
MIF,DDX39B,ATP5F1E
PML,AOPEP,TANC1
ADM,RP11-39M21.1,NDUFB2
AEBP1,TRIM9,LINC01578
WASHC1,ALDOC,NDUFB11
HDHD3,MT2P1,EMP1
ARL6IP1,AC110023.1,SNHG9
GATD1,AL591686.2,GBP1
ATP5F1B,PCNX,GNG3
LARGE1,BABAM2,NDUFA13
DOP1A,ATP5E,AC053527.2
CERS1,AC004980.7,DGLUCY
MRTFA,RP11-37B2.1,PPP3R1
AC083837.1,MEIKIN,SOX2
ARMH1,NRD1,SIRPB3P
AC118549.1,AL157396.1,AC099792.1
TAFA1,NGFRAP1,NORAD
AL356737.2,AC023095.1,GABARAPL2
RP11-750B16.1,GUSBP1,MTND2P28
KDM4C,ALOX12P2,ATF7
AC079352.1,CALN1,LINC00513
SULF1,STMN1,TMEM94
XIRP2,PWWP3A,AC078842.4
CLIC4,INADL,TAFA5
ACBD6,AC027117.2,ARMH4
AC009120.2,NSD3,FOSB
RHOT2,ARMH1,AC106845.1
ADGRB1,SLC5A3,PWWP3A
AC091078.1,SEPT2,BEX3
SPART,ECPAS,C1RL
TIA1,USP39,SST
KREMEN1,PPAP2A,RAB3A
POLR2J3,SEPT11,EGR1
ATP5MD,NRXN3,WASHC1
SPECC1L,AC021231.1,ADM
HERC2P3,AC113414.1,GATD1
DISP3,AC011346.1,HLA-E
AC104596.1,PTPLAD1,PML
AC079781.5,VSIR,ATP5F1B
KMT5B,PAPD4,LARGE1
AC019257.1,RP11-436K8.1,DOP1A
ATP5MPL,RABGEF1,CERS1
CDKN1A,AC008014.1,MRTFA
CYP1D1P,ALDOA,MAP3K6
NPDC1,AP000462.2,RASD1
ARMH3,BCOR,C10orf10
OAZ1,LRMDA,PPDPF
AC025159.1,RFWD2,RPL10A
AF279873.3,GASK1A,AC083837.1
DDX39B,AC079760.1,ARMH1
TASOR2,TBC1D19,AC118549.1
SLC9A3-AS1,AC107398.3,TAFA1
NUP58,PPP4R3B,AL356737.2
CCDC144A,RP11-284M14.1,TOB1
RACK1,RP11-87H9.2,AC079352.1
TSPOAP1,EIF4A1,UBASH3B
AC079142.1,WHSC1L1,SPECC1L
DIPK1A,LINC01578,ACBD6
AL512422.1,AC004453.8,AC009120.2
LDLR,MTAP,LINC01473
CYBC1,CERS1,RHOT2
UBE2W,HACD3,ADGRB1
BICRAL,AC087854.1,AC091078.1
RELCH,MLLT4,GUK1
ATF7,ZFP36,FN1
CYP51A1,AC093865.1,SPART
SPRY4-AS1,AC005592.2,TIA1
AC008014.1,MRTFB,KREMEN1
BMERB1,RP11-144F15.1,POLR2J3
AL050309.1,CNTNAP2,ATP5MD
RPS20P10,WASHC4,DISP3
RELL1,ATP5I,AC104596.1
WASHC4,C14orf159,AC079781.5
DPH6-DT,FAM182B,KMT5B
EIF4G1,AC007969.5,AC019257.1
YBX3,AL356737.2,ATP5MPL
PAGR1,MT-RNR1,BST2
TUBB3,AC005261.1,ACTN1
AP2M1,LINC01727,ARMH3
AC005261.1,CBARP,OAZ1
KITLG,FAM19A5,AC025159.1
PRXL2A,VAMP2,CCNH
AC005225.2,RP11-319G6.1,AF279873.3
SEPTIN9,AC006148.1,DDX39B
TRMT9B,CPLANE1,TASOR2
DUSP1,C5orf42,SLC9A3-AS1
KDM5D,CERT1,NUP58
BST2,HSD17B12,DRAP1
VSIR,KAL1,RACK1
AC023095.1,LINC00969,TSPOAP1
SLF2,FRMD4A,AC079142.1
TFRC,AC007364.1,DIPK1A
CASTOR3,GBAS,AL512422.1
NSD2,KCNIP4,EFNA1
AZIN1-AS1,LINC02062,CYBC1
MOSMO,MKL2,UBE2W
FRMPD3,AC053527.2,BICRAL
PI4KAP1,ATF7,RELCH
AC125613.1,ATP5F1E,WARS
ATP5MF,RP11-561I11.4,SPRY4-AS1
RPL17,C14orf37,AC008014.1
BHLHE40,MKL1,BMERB1
FAM20C,PUM3,AL050309.1
CERT1,TASOR,BEX2
ARFGEF3,LINC01057,FRMPD3
AL157396.1,CEMIP2,HULC
PCNX4,ROBO2,CCDC144A
EFNA1,AC012593.1,WASHC4
CICP27,RP11-33B1.1,TMEM205
CEP152,SEPTIN9,DPH6-DT
AC234582.1,AZIN1-AS1,AP000462.1
AC074032.1,ZC3H11A,EIF4G1
AL049828.1,RELCH,SMYD3
RP11-94P11.4,SELENOW,PIN1
TMEM205,C14orf2,TUBB3
MT1F,MIR29B2CHG,AP2M1
VPS35L,RP3-525N10.2,AC005261.1
AC110023.1,RP11-266O8.1,CNTNAP1
SELENOO,AC007666.2,NEFL
ZNF655,AL136366.1,MLLT11
LINC02062,MUM1,PRXL2A
SEM1,MTREX,AC005225.2
PRDX2,ADGRB1,SEPTIN9
INTS11,CASTOR3,TRMT9B
AL645568.1,ATP5F1D,JUND
AL022068.1,RP11-156K13.1,RP11-750B16.1
ACTN1,LINC00982,BEX4
RAPGEF6,NR4A1,VSIR
YY1AP1,SAMD4A,AC023095.1
ZFY,DOP1A,SLF2
RPL26,ATP6V0C,CASTOR3
PPP4R3B,TAFA5,NSD2
AC107398.3,POLR2J3,AZIN1-AS1
NDUFA13,FAM213A,MOSMO
HULC,AC119674.1,AC009120.4
AC021231.1,SPRY4-AS1,PAGR1
SNORC,KIAA0368,AC125613.1
AC009163.1,C10orf76,ATP5MF
AC084198.2,AIFM3,RPL17
AC027117.2,AP000304.12,PTMAP5
RDH11,AC245297.3,METTL2B
WARS,CCDC132,GADD45A
AP000462.1,PDXDC1,RPL3
MAP4K3-DT,FKBP5,CERT1
MTREX,DNAJB4,ARFGEF3
AC093865.1,GLTSCR1L,AL157396.1
NPHP3,PRDM16-DT,PCNX4
PTPA,AC009879.4,SRSF1
ADGRL1,RP11-517I3.2,AC234582.1
RP11-210M15.2,DPH6-DT,ZNF544
OSMR,RP11-553L6.5,AC074032.1
C1RL,NSD2,AL049828.1
AC015983.2,ELAVL1,CYP51A1
MFSD14C,C1orf228,MRPL57
AL157392.3,PCNX4,LGALS1
ATP5IF1,MRVI1,MT1F
NUP42,AC079385.1,VPS35L
TOGARAM1,AC009120.2,AC110023.1
LINC01727,SMIM29,SELENOO
DIPK2A,FGFR1OP,ZNF655
HNRNPA1,CC2D2B,LINC02062
ELOB,C4orf29,SEM1
WAPL,ZBTB20-AS5,PRDX2
MINDY2,BICRAL,SEMA3E
AC012404.1,CCDC144A,SELM
LINC01503,VPS35L,INTS11
ZNF544,ARMH3,AL645568.1
MIR29B2CHG,LSAMP-AS1,AL022068.1
ABHD18,HAGHL,RAPGEF6
AC119673.2,NRDC,RPL26
FAM198B-AS1,ARMH4,PPP4R3B
AC113414.1,SCG3,AC107398.3
ATP5F1A,TLCD4,RPL36A
RTL8C,RIDA,AC021231.1
RPL21,HNRNPA1,SNORC
RPL36A,AC016739.2,AC009163.1
PLD2,AC007402.1,AC084198.2
RP11-511B23.2,C16orf62,AC027117.2
TLE5,AL590617.2,TMEM255B
PSMA3-AS1,GPC6,RPL9
MIGA1,FAM198B-AS1,POLR2I
PILRB,AL445426.1,RP11-159J3.1
PUM3,ZNF655,ARID5A
ATP5F1D,LIME1,MAP4K3-DT
TMX2,AL731577.2,MTREX
C10orf10,LHX4-AS1,TMX2
AC253572.1,RP11-373N22.3,AC093865.1
MALAT1.1,UBE2V1,NPHP3
RP11-275H4.1,ALDH1L1,PTPA
SELENOF,JUNB,ADGRL1
COPS9,RP4-605O3.4,CYP1D1P
AC138627.1,SHFM1,LDHA
STRADA,ARL6IP1,CDKN1A
AL513217.1,AP001977.1,RP11-815J21.4
AC079385.1,MFSD14C,AC015983.2
LINC01896,JUN,MFSD14C
NDUFB8,LINC01896,AL157392.3
AC079760.1,AC007193.2,ATP5IF1
LCN12,SLF2,NUP42
EMSY,MRPS6,TOGARAM1
ZNF875,ATP5L,RNASEK
ODR4,AC118549.1,WFDC1
SELENOI,MIA2,LINC01727
PCNX2,PCNXL2,DIPK2A
EEF1G,FAM69A,HNRNPA1
POU3F3,AL513166.1,ELOB
AC092902.4,RPL35P5,WAPL
AC108519.1,AC024560.3,MINDY2
TUBB4B,RP11-96H19.1,AC012404.1
ADPGK-AS1,ZZZ3,VAT1L
PPP4R3A,BAI1,AURKAIP1
CNPY2,SUV420H1,HELB
ATP5F1C,TEKT4P2,MIR29B2CHG
NFIL3,AP002336.2,ABHD18
UQCR11,WAPL,AC119673.2
ATP5MG,AC018682.1,FAM198B-AS1
PFKFB2,COL19A1,AC113414.1
SMIM29,LINC00856,ATP5F1A
AL354740.1,DPY19L1P1,RTL8C
PHPT1,HGF,UQCR11
AC005670.3,RP11-295P9.3,COX6A1
VPS50,AC104574.2,HNRNPU
ATP5MC2,RAPGEF6,TLE5
TRIM47,RP3-417G15.1,PSMA3-AS1
RNASEK,RP11-692D12.1,MIGA1
RP11-115J16.2,AFG1L,PILRB
ITPRID2,NDUFA4,PUM3
MICOS10,AL162253.2,ATP5F1D
SGO1-AS1,AC245060.5,TIMM13
HAGHL,PTPA,SELENOF
ATP5PF,CH17-189H20.1,COPS9
LINC01473,AC234582.1,AC138627.1
APOL6,RP11-611E13.2,S100A6
SELENOT,STX16,AL513217.1
PPP2CA,ATP5B,AC079385.1
AFG1L,PRXL2A,LINC01896
AC013643.2,AC105942.1,NDUFB8
HDGFL3,AC079610.1,AC079760.1
KRTCAP2,RP13-143G15.4,LCN12
RP11-815J21.4,RP11-106M3.2,EMSY
RBM27,ARID5A,ZNF875
LRMDA,AL139260.1,PDK1
NGRN,PAQR8,NPTX1
RN7SK,OAZ1,IRF1
RGS16,AL357153.2,IER2
NDUFA11,EGLN2,ODR4
RPL9,KREMEN1,SELENOI
RP11-583F2.1,BMT2,PCNX2
HAUS7,AC105285.1,EEF1G
PAXX,RPL13AP5,POU3F3
POLR2H,HEPN1,AC092902.4
CC2D2B,KB-1507C5.2,AC108519.1
AL513166.1,DAAM1,AC007364.1
ILRUN,AC058791.1,RP11-274H2.2
BMT2,RAB30-DT,RPL18A
AC006148.1,CH17-472G23.1,NDUFA11
ERO1A,RP11-472M19.2,PPP4R3A
AL139317.5,SGO1-AS1,CNPY2
AC245060.5,TLE5,ATP5F1C
AL683813.1,SLC66A2,MTAP
TLCD4,AL589935.1,NFIL3
FAM106A,MFSD14A,HAUS7
AC245297.3,KMT5B,PSRC1
CDKL3,ANTKMT,MPC2
AC068888.1,KIAA0195,ATP5MG
MIA2,CSNK1A1,PFKFB2
ALDH4A1,DGLUCY,SMIM29
ERF,ATPIF1,AL354740.1
MIR3936HG,DOPEY1,PHPT1
VPS13B-DT,DPH6-AS1,AC005670.3
SHLD2,KIAA1033,VPS50
NCBP3,ILRUN,ATP5MC2
TMBIM4,EIF4G1,ZNF506
AC008771.1,KIAA1468,ITPRID2
SEPTIN4,FAM178A,MICOS10
ZHX1,STN1,SGO1-AS1
FXYD6,HSD17B7P2,HAGHL
RWDD3,BZRAP1,ATP5PF
TNFSF13,HYDIN2,STRADA
SLC66A2,RO60,RDH11
RP11-15B17.1,RP11-467H10.2,SGK3
TRIP10,SPART,HSPE1
AP001528.1,ACAD11,SELENOT
NUP50-DT,CH17-472G23.2,PPP2CA
WARS2-AS1,RP11-739G5.1,AFG1L
KHDC4,MIR3936HG,AC013643.2
LINC02060,SPTSSA,HDGFL3
AC068587.4,RPL3P4,NHP2
SMARCC2,RPS25,RBM27
AL357153.2,WHSC1,LRMDA
RETREG3,GS1-124K5.2,NGRN
EGLN2,ADGRL1,RP3-395M20.12
RPS15AP38,AEBP1,PAXX
IRF1,RP11-142A5.1,POLR2H
RP11-153F1.1,COL4A3BP,AL513166.1
GPC5-AS2,PTPN9,ILRUN
MFSD14A,TIMM23B,BMT2
AL591686.2,CIPC,AC006148.1
CSKMT,CTD-2007H13.3,ERO1A
AC012405.1,CEBPD,AL139317.5
TVP23C,SOX9,AC245060.5
TENT4A,CTDNEP1,AL683813.1
METTL2B,MINDY3,EFCAB3
HSPE1-MOB4,JUND,RNF122
ACAD11,COX7CP1,CHURC1
AL590617.2,RPS23P8,TARDBP
ADGRB2,AL512662.2,CTC-535M15.2
CARD19,GARS-DT,TLCD4
CRPPA,RP11-234A1.1,FAM106A
DENND11,PUDP,AC245297.3
WASHC3,AC005162.3,CDKL3
TMEM91,AC009120.6,AC068888.1
NEXMIF,RP11-156P1.3,LSM7
RAB5C,AHSA2,ARVCF
CIITA,AC115622.1,UQCR11.1
FNDC4,RPS11P6,SERPING1
MTAP,LACE1,RPL21
ITGB5-AS1,RP11-197K3.1,ARF3
RP11-430H10.1,RIPOR2,MIA2
TGFB3,SPECC1L,RAB5C
APOL2,IPO9-AS1,ALDH4A1
APOL4,MCRIP2,ERF
SNHG29,RBM14,MIR3936HG
NECTIN3,FSTL5,VPS13B-DT
AC002069.2,RAB5C,SHLD2
ELP1,RPL26P19,ZDHHC9
FGF11,GATS,TXNIP
U2AF1L4,AC125613.1,ARL6IP4
RO60,RP11-270C12.3,NCBP3
AL136366.1,RP11-296O14.3,TMBIM4
MINDY3,PDZD2,AC008771.1
LINC02328,AC103923.1,SEPTIN4
AC040168.1,LINC00854,ZHX1
CRYZL1,RP5-921G16.1,FXYD6
RASD1,MYEOV2,RWDD3
BVES-AS1,HULC,TNFSF13
UBASH3B,AP000462.1,SLC66A2
PEG3,CCK,CC2D2B
GRK3,RP11-217L21.1,TRIP10
BCLAF3,C16orf45,PFN2
ZNF559,WHRN,ATP10A
AC103923.1,CACNA1A,C1R
CASTOR2,ATPSCKMT,AP001528.1
UPK3BL1,AC068308.1,NUP50-DT
RAB4B,AC012405.1,WARS2-AS1
HIST2H2BF,RP11-889L3.1,KHDC4
GAS6,FAM65B,LINC02060
DND1,AC098588.3,AC068587.4
RP11-159J3.1,SKIV2L2,SMARCC2
LEPROT,ARFGEF3,AL357153.2
CDK11A,RP11-597D13.9,RETREG3
AC115622.1,IER5L,EGLN2
SRP19,ENPP7P4,GPC5-AS2
RAB30-DT,SELENOI,MFSD14A
STUB1,AC079781.5,AL591686.2
PLPPR2,AL391807.1,CSKMT
SPACA6,SELENOT,AC012405.1
ABHD16A,AC034220.3,NDUFV2
NAA10,ADRBK2,TENT4A
AC026202.2,DPP6,ANAPC11
AC077690.1,ZFP91,BACE2
TASOR,DVL3,MPRIP-AS1
ZBTB20-AS5,GATD1,MZT2B
AC139887.2,ACBD6,DDT
MIR2052HG,CEACAM22P,AL590617.2
HNRNPUL2,RP11-1023L17.1,ADGRB2
SELENOM,NOTCH2NLC,CARD19
GLIPR2,LINC02615,CRPPA
TTLL3,AC074032.1,DENND11
LINC00960,RP4-613B23.1,WASHC3
CAPN10,HNRNPU,TMEM91
RP11-219A15.4,TCEB2,NEXMIF
FAAP20,ATP5J,DDIT4
HLA-B,AC069368.3,APOL4
ERO1B,RP11-281A20.2,KDM6B
AC007402.1,SLC9A3-AS1,FAM173B
AC092924.2,NBDY,IFI44L
AC124852.1,ATP5F1A,SMDT1
AC104123.1,AC005154.6,C8orf46
AP006621.3,MCRIP1,MRFAP1
BSCL2,SHLD1,SNHG29
GRK2,RP11-665G4.1,NECTIN3
AP003025.1,NIPSNAP2,AC002069.2
IRF9,RP11-731J8.2,ELP1
FAM234A,TTC3P1,FGF11
TRIR,COX7C,U2AF1L4
RPL3,GATD3B,RO60
,HDGFL3,AL136366.1
,AL158152.1,MINDY3
,KYAT1,LINC02328
,PCNXL4,AC040168.1
,ATP5G2,CRYZL1
,ZFP36L1,BEX5
,P2RY14,NME2
,PSMA1,ZNF654
,RP11-944L7.4,CLNK
,AC084198.2,RP11-638I2.8
,SVIL-AS1,TRAPPC5
,AC006059.1,NAPA
,RP11-1114A5.4,GAS6-AS1
,RP11-323I15.5,TGFB3
,AL078600.1,PEG3
,ABHD18,GRK3
,SEPT8,BCLAF3
,FAM179B,ZNF559
,HAP1,AC103923.1
,STMP1,CASTOR2
,AC077690.1,UPK3BL1
,GAREM2,RAB4B
,RP11-864N7.2,SEC14L2
,EMP1,OFD1P17
,FAM208B,ACAD11
,RP11-3B12.2,GABARAP
,SPDYE3,MAN2C1
,AL163541.1,TVP23C
,AC079447.1,RPLP0
,NUPL1,LEPROT
,TIA1,CDK11A
,PDLIM4,AC115622.1
,DDX3P1,SRP19
,RP11-248J23.7,RAB30-DT
,RPL32,STUB1
,ATP5F1B,PLPPR2
,RP11-32K4.1,SPACA6
,RBMS3-AS3,FKBP1A
,TOGARAM1,AC026202.2
,WAPAL,AC077690.1
,KIAA1244,TASOR
,SRSF1,ZBTB20-AS5
,LINC00499,AC139887.2
,ATP5C1,MIR2052HG
,KIAA1107,HNRNPUL2
,PRAG1,SELENOM
,ATP5EP2,RSL24D1
,TECRP1,PDAP1
,SMIM7,FAAP20
,PAUPAR,HLA-B
,RPL36A,COX16
,TENT4A,ERO1B
,RP11-563J2.2,AC007402.1
,AC007325.2,AC092924.2
,MT1XP1,AC124852.1
,PLPPR2,AC104123.1
,COX5B,AP006621.3
,AC073389.2,BSCL2
,BIRC6-AS2,GRK2
,RP11-120J1.1,AP003025.1
,CCDC144CP,IRF9
,RP11-131L23.1,FAM234A
,USMG5,TRIR
,SELT,ANKDD1B
,BMERB1,CTC-498M16.2
,SARNP,CIITA
,RP11-112J1.1,DCAF15
,RP11-159G9.5,RP11-374M1.3
,ITPKB,RAB11FIP5
,SMEK2,SERPINB1
,LINC00824,MFSD14B
,TASOR2,AC010201.3
,PPP2CA,RIPOR1
,ERF,AL592183.1
,MTATP6P1,ZNF410
,SPG20,GOSR2
,SCLY,GAREM2
,SOX1-OT,AC018730.1
,TUT7,AC114760.2
,AL365295.1,SNHG31
,PSMD5-AS1,IFT80
,CSRNP1,TAP2
,RP11-1157N2--B.2,AL078604.4
,SYT1,PRORP
,RP4-673D20.3,AC087482.1
,PDDC1,MICOS13
,REX1BD,Z93930.2
,PPIA,SLC5A11
,AC011287.1,KRTCAP2
,NECTIN2,PIM3
,RP11-428O18.6,KRT17
,LINC01322,PPP1R14A
,CRYZL1,TEAD3
,AC034195.1,LRCH4
,LIX1-AS1,WBP1
,RPL34P18,SATB1
,Z83001.1,PSMA6
,TVP23C,LNPK
,AC040168.1,TUT7
,AC138150.1,NPIPA1
,LPHN1,COQ8B
,RAB30-AS1,MMP24OS
,RP11-34P1.2,LINC00960
,RP9P,DIO3OS
,KIAA0020,RP11-61L23.2
,RPL41.1,RP4-725G10.3
,RFLNA,C6orf226
,GNA14-AS1,CTD-2054N24.2
,SEPT4,FNDC4
,CTD-2215E18.1,RP11-25H12.1
,CTD-2287O16.1,ZMYM6
,DELE1,NAA10
,AC097515.1,IFIT3
,ZNF767P,ZNF331
,SC22CB-1E7.1,TRAPPC1
,PEBP1,AC098588.3
,MOSMO,MACO1
,DGKB,ATP5MC3
,RPS27,AC107223.1
,AF165147.1,MRNIP
,PILRB,MFSD4B
,OOEP,HDAC2-AS2
,LRCH4,STMP1
,AC025159.1,MYORG
,AC007566.1,AL512662.2
,AC072062.1,AP001825.1
,NUP42,MCRIP1
,KIAA0226,COX8A
,RP11-1000B6.3,RP11-404I7.2
,LNPK,FRAS1
,SOD1,MICA
,CCDC7.1,PSME2
,C16orf52,AC093157.1
,B3GALTL,ATP5PB
,NBPF19,AC105052.4
,TNFSF13,CEMIP2
,TPTE2P5,AL731577.2
,LINC01314,DVL3
,RP11-440L14.1,TOMM6
,FTLP3,AL078602.1
,ATP5A1,AC006001.2
,SEPT9,ELOC
,FGF12,EBLN3P
,MT1E,SHTN1
,RP11-263K19.4,NDUFC2
,CTD-2537O9.1,AL160314.2
,RP11-51O6.1,LINC02256
,ISPD,PSMA1
,BICC1,RP11-434I12.2
,AC092902.4,C1QBP
,MRPS28,TPPP3
,HCG18,PTP4A2
,RP11-946L20.4,CH507-513H4.1
,C11orf30,MANF
,AC007246.3,POLR2E
,LINC01937,EPHA2
,NRIP1,POP7
,AL645568.1,PPRC1
,C1orf132,LINC01503
,ZNF350-AS1,TMEM43
,TSPOAP1,CH17-140K24.2
,AC016723.4,TNNI3K
,RETREG1,CTA-351J1.1
,PAGR1,NPY
,RP11-379B18.5,
,AL683813.1,
,AC011379.1,
,DAB1,
,RP11-778J15.1,
,EMSY,
,CTD-2337A12.1,
,FAM19A2,
,AC159540.1,
,AC009899.1,
,LINC02340,
,ATP5D,
,MT1P3,
,CRPPA,
,MROH7-TTC4,
,KIAA2022,
,HIATL2,
,RPS27A,
,MAMDC4,
,GASK1B,
,AC104072.1,
,C3orf58,
,RP3-399L15.3,
,AC026202.3,
,RP11-390P2.4,
,HINT1,
,ASIC2,
,LRP4-AS1,
,RP11-389O22.1,
,TOGARAM2,
,NUP58,
,DTX2P1-UPK3BP1-PMS2P11,
,UBB,
,C10orf54,
,LINC00657,
,C1orf27,
,KIAA1377,
,RP11-475C16.1,
,KYAT3,
,FAM35A,
,RPS28P7,
,FAM63B,
,AC027612.6,
,SDC4,
,CTXND1,
,AL132780.1,
,RP11-417F21.1,
,DIPK1A,
,MIR2052HG,
,MIGA2,
,RP11-367G18.2,
,ZNRF2P2,
,RPL27AP,
,RP4-673D20.6,
,CTC-559E9.6,
,AL157392.3,
,NRG1,
,RP11-418J17.1,
,SHLD2,
,FAM73A,
,AL162231.2,
,VPS13B-DT,
,FAM85B,
,CHCHD2,
,BCLAF3,
,PER1,
,AFF3,
,TP53I13,
,NPDC1,
,AC004158.3,
,RP11-849I19.1,
,NUPL2,
,AC007682.1,
,AC104827.1,
,GNG3,
,AC097376.3,
,C2orf43,
,RP11-545I5.3,
,PARPG1,
,RP11-486O13.4,
,CTB-113D17.1,
,NPHP3,
,MAN2C1,
,TMBIM4,
,EPT1,
,RP11-452H21.1,
,UCHL1,
,GS1-124K5.10,
,MYRIP,
,NACA,
,SELENON,
,RP11-848P1.9,
,HERC2P2,
,UQCR10,
,NECTIN3,
,AC007216.4,
,YBX3,
,RP11-329L6.2,
,C11orf96,
,AP003086.1,
,AC073941.1,
,AC090825.1,
,ATP5F1C,
,PRORP,
,WBSCR17,
,RP11-147I3.1,
,AP001825.1,
,HDAC2-AS2,
,SELENOO,
,LRRC75A-AS1,
,CTD-2192J16.15,
,FAM131A,
,SERPINA3,
,AC068587.4,
,RUBCNL,
,RNF103,
,C2orf82,
,AC008731.1,
,SMARCC2,
,PTCHD2,
,RP11-1277A3.2,
,PRDX1,
,ATP5MD,
,TMEM91,
,ATP5G3,
,CEBPB,
,PSMA1.1,
,UPK3BL1,
,RP11-307B6.3,
,RP11-83A24.2,
,ODR4,
,AC012404.1,
,TMEM94,
,AC006001.2,
,GRK2,
,TFRC,
,LINC02614,
,CCDC53,
,RP11-663P9.2,
,CTC-498M16.2,
,NRGN,
,S100A1,
,AC008269.1,
,MARF1,
,AL138787.2,
,INTS11,
,AL356599.1,
,ATP5MC2,
,RORA-AS1,
,VSNL1,
,NDUFV2,
,AL034348.1,
,MGST3,
,CARD18,
,HKR1,
,FTH1P8,
,NDUFAF8,
,NAA10,
,ZNF875,
,AC040934.1,
,CMB9-22P13.1,
,AC009126.1,
,AC079305.3,
,BEX1,
,AP000926.2,
,CCND2-AS1,
,JAK1,
,CCDC144B,
,AC138123.1,
,ZNF410,
,LINC02024,
,NLGN4Y,
,AC144449.1,
,POLR2J2,
,RUBCN,
,DUSP1,
,KMT5C,
,LINC02060,
,EIPR1,
,HDGFRP3,
,RP11-13J10.1,
,CTD-2228K2.7,
,RP11-745L13.2,
,KIAA1161,
,UBE2W,
,PCP4,
,LINC02427,
,LDAH,
,SLC35E2B,
,RP11-16F15.1,
,TROVE2,
,AL627316.1,
,AC011416.4,
,LRRC8C,
,B3GLCT,
,TUBA1A,
,ZNF654,
,NUP50-DT,
,RP11-499P20.2,
,AL163953.3,
,AF279873.3,
,LINC01414,
,GAP43,
,AC009120.4,
,RPL7P9,
,GNG12-AS1,
,AL512422.1,
,KALP,
,AC020916.1,
,STMN2,
,BEX2,
,C2orf15,
,CTC-444N24.11,
,TUBA1B,
,NOTCH2NLA,
,COX6A1P2,
,RP11-554F20.1,
,RP5-968J1.1,
,SLC25A29,
,AL078602.1,
,RWDD3,
,SCRG1,
,FAM66D,
,RP11-421L21.3,
,PVRL3,
,RP11-426C22.5,
,DCAF1,
,AC013643.2,
,C10orf11,
,BORCS5,
,45184,
,PLEKHO2,
,RPL11,
,AC007529.2,
,RP11-613M10.9,
,SEM1,
,XRRA1,
,LCN12,
,FAUP1,
,RP13-258O15.1,
,TCEAL4,
,LPHN2,
,AC010201.3,
,RP11-461O7.1,
,JAKMIP1,
,RP11-166B2.8,
,AC004076.9,
,AC017101.10,
,RPL41,
,IDH1,
,RBM27,
,AP2M1,
,SLC7A2,
,AC060780.1,
,LDB2,
,LOH12CR1,
,SELO,
,FAM196A,
,GNB2L1,
,LINC01420,
,ENTR1,
,CPNE4,
,AC124852.1,
,RP11-203I2.1,
,C7orf60,
,FAXDC2,
,SLC2A11,
,DDX24,
,HES4,
,AP006621.3,
,RP11-983P16.4,
,FAAP20,
,COQ8B,
,THAP12,
,DISP1,
,SMEK1,
,ZHX1,
,YWHAH,
,PCDHGA10,
,KIAA1407,
,RHBDL2,
,GAREML,
,RPL24P4,
,PTMAP2,
,C7orf73,
,RP11-286N22.8,
,LINC01089,
,RPL35A,
,SRP14,
,CASTOR1,
,AC007262.2,
,USF3,
,NWD1,
,MAN2C1.1,
,TESK2,
,PTPRO,
,AC023480.1,
,GRIN2A,
,BZW1,
,PTGR2,
,HIP1,
,MICOS13,
,EPB42,
,bP-2189O9.2,
,RAB3A,
,AF146191.4,
,SLC7A11,
,C9orf84,
,SLC30A10,
,CDH12,
,HSPE1,
,AC016705.2,
,PRKCB,
,KIAA1598,
,KDM4C.1,
,TLCD5,
,FAM188A,
,DIPK2A,
,ADGRB2,
,AC007563.2,
,GGPS1,
,AC104695.4,
,CXorf23,
,RP11-526N18.1,
,C6orf106,
,PFKP,
,LNCSRLR,
,PSMA3-AS1,
,ARL6IP4,
,FAM208A,
,GCN1,
,RPS6,
,AC005670.3,
,RAB4B,
,NUP50-AS1,
,RP11-410L14.2,
,TMEM57,
,C19orf70,
,RPL32P3,
,LINC02406,
,HIAT1,
,RP11-130F10.1,
,SEPT7P6,
,MMP24OS,
,XIRP2,
,RPS20P14,
,AC078846.1,
,NEK10,
,RP11-23D24.2,
,CSKMT,
,AL117335.1,
,DYNLRB1,
,AC002117.1,
,AC007193.10,
,ATP5G1,
,SEPTIN8,
,CALM3,
,AL139317.5,
,SPINDOC,
,ZKSCAN7-AS1,
,AC010359.3,
,RP11-404I7.2,
,AC092279.1,
,ARPP19,
,AC005306.1,
,NKAIN3-IT1,
,RPL6P27,
,AC073343.13,
,AC107375.1,
,RPL14,
,ZNF585A,
,GPAT4,
,SPACA6,
,AC004951.1,
,AC018616.1,
,RP11-333E1.1,
,SIRPB3P,
,RP11-230B22.1,
,AC092844.1,
,MC1R,
,AC018730.1,
,HNRNPUL2,
,AC009061.2,
,RP5-1021I20.5,
,RP11-166O4.1,
,RYR2,
,COX6C,
,LA16c-306E5.2,
,CPSF3L,
,SEPT7P7,
,APOD,
,SNORC,
,NBPF10,
,RP11-92K2.2,
,PCNX2,
,PHKG1,
,PNKD,
,TNNI3K,
,NEXMIF,
,AES,
,RP11-475E11.9,
,RP11-9G1.3,
,ATP5MG,
,CNTN5,
,AC005480.1,
,MIGA1,
,RPS20,
,PTPN13,
,PPP2R4,
,C8orf34,
,AL049840.5,
,ATP5F1,
,INSYN1,
,AC007566.10,
,FLJ39080,
,CCBL1,
,RP11-12M9.3,
,PATJ,
,AC091978.1,
,NDUFB8,
,RP1-167O22.1,
,KIAA1429,
,bP-21264C1.2,
,VPS26C,
,AC008969.1,
,CTD-2047H16.4,
,RP13-941N14.1,
,SLC25A51,
,AC092745.5,
,CYP51A1,
,SCG2,
,RP11-212P7.3,
,CCDC176,
,POLR2H,
,LINC01422,
,CH17-472G23.4,
,RP11-26J3.1,
,C17orf85,
,RRP7B,
,C7orf55-LUC7L2,
,BORCS8,
,CRAMP1,
,RP13-672B3.2,
,CROCCP2,
,RP13-104F24.2,
,KIAA1456,
,COX7A2,
,PIP4P2,
,RUNX1,
,CTD-3131K8.2,
,FAU,
,ATP5PD,
,CNN3,
,AC087500.1,
,GADD45G,
,RP11-57H12.3,
,bP-21201H5.1,
,RP11-289H16.1,
,RP11-541P9.3,
,WARS2-AS1,
,MCTP1,
,FKBP2,
,UBE2Q2P1,
,NHP2L1,
,COX6B1,
,MELTF-AS1,
,RPL29,
,LTO1,
,KCTD16,
,EFCAB11,
,AC009107.2,
,KCNAB1,
,AC005332.4,
,AL359644.1,
,DENND1B,
,AC239809.3,
,AL133304.3,
,C1QTNF3-AMACR,
,RP11-308N19.1,
,MATR3.1,
,NORAD,
,AC015983.2,
,PPIB,
,UQCRH,
,VPS50,
,UBE2Q2P2,
,MLLT11,
,CTD-2555K7.2,
,CTD-2368P22.1,
,PVRL2,
,STRADA,
,ESR2,
,LARP7,
,HRSP12,
,CTD-2026D20.3,
,FRG1B,
,RP11-580I16.2,
,ERO1B,
,RP1-43E13.2,
,NKAPP1,
,HSP90AA2P,
,FAM69C,
,ZNF544,
,FAM234A,
,BLOC1S1,
,NCBP3,
,CROCCP3,
,RP1-122P22.2,
,AC244131.2,
,PSMA6,
,LINC00960,
,ZNF700,
,NFKBIA,
,KIAA1147,
,RPL7AP6,
,HERC2P9,
,NACA3P,
,HDAC9,
,RPL36AL,
,BCL6,
,AC078842.4,
,RP4-565E6.1,
,UBE2Q2P6,
,ZCCHC6,
,ATP5H,
,RP11-348J24.2,
,SNHG29,
,ARMCX5-GPRASP2,
,AC061708.1,
,AL157886.1,
,ZNF417,
,MT1G,
,LINGO2,
,FAM198B,
,AK6,
,IRGQ,
,LINC02328,
,EYS,
,RP11-1H15.2,
,RP11-550I24.2,
,FAM45A,
,AC092546.1,
,ZMYM6,
,CCDC85A,
,CXorf22,
,PQLC1,
,MTHFS,
,RP11-384C4.7,
,RP11-420A23.1,
,ERO1LB,
,MUC1,
,NBPF1,
,C5orf45,
,RP1-111C20.4,
,RETREG3,
,MED26,
,TBX2,
,AL139147.1,
,FBH1,
,AL158071.3,
,ZNF663P,
,RPL10A,
,AC012370.1,
,ZNF10,
,LINC02112,
,RPL15,
,AC105383.1,
,HNRNPU-AS1,
,RPL13P12,
,RP11-35G9.5,
,AC097717.1,
,ZNF506,
,CEP164,
,BX255925.3,
,ZRANB2-AS2,
,RP11-16P20.3,
,CTD-2341M24.1,
,RP11-43F13.1,
,KIAA0907,
,MIDN,
,CLCF1,
,UBE2F,
,AC016831.5,
,NAXD,
,GNG10,
,GABRR1,
,TMEM2,
,AC110285.2,
,AL132857.1,
,AC107223.1,
,PEG3,
,AC025682.1,
,AF123462.1,
,FAM127A,
,FAM65A,
,BASP1,
,ATP6V1E1,
,MRPS33,
,AC011288.2,
,HIF1A-AS2,
,KIAA1715,
,C4orf36,
,SORCS1,
,NDUFA11,
,KIAA0226L,
,BSCL2,
,CDH13,
,AC097460.1,
,MTG1,
,RP11-116O11.1,
,KIAA1551,
,ELOB,
,RP11-274B21.1,
,TCEB1,
,FAM92A1,
,PPP2R3C,
,LINC02656,
,WFDC1,
,AC009148.1,
,CC2D2A,
,HMP19,
,RP11-106M3.3,
,RP5-857K21.4,
,RP11-113C12.4,
,RP11-109P14.10,
,pk,
,TMEM55A,
,AC090844.2,
,AC006504.5,
,AL713852.1,
,ARC,
,RHOB,
,MRPL12,
,ELP1,
,SDHAP3,
,C1orf101,
,RHBDL1,
,STIMATE,
,STUB1,
,AC131571.1,
,AC015813.1,
,RNF19B,
,LEPROT,
,CTD-2561J22.3,
,AC026188.1,
,AC026979.2,
,RNF31,
,AP002812.2,
,SELK,
,RP11-91P24.7,
,FAM195B,
,WRB,
,SHANK2,
,SLC8A1,
,RP11-586K2.1,
,RP11-1102P16.1,
,GRM5,
,LINC01359,
,PLPPR1,
,RIPOR1,
,SELM,
,RP11-736K20.5,
,PGAM1P5,
,SEPT7P2,
,AC005632.3,
,AC096677.1,
,AC007038.7,
,KIAA0196,
,RP11-298J20.4,
,SAP25,
,LGALS1,
,SPCS1,
,RP11-650J17.1,
,BAI2,
,GCNA,
,NDUFS5,
,LINC00623,
,BX284613.2,
,PARK7,
,LINC01409,
,MTND1P23,
,RP11-420N3.3,
,RP13-188A5.1,
,FAM96B,
,IDI1,
,B2M,
,KIAA2018,
,MAP4K3-DT,
,YAP1,
,SUCLA2P3,
,RP11-963H1.1,
,FAM134C,
,IKBKAP,
,AGAP6,
,ETV6,
,RLBP1,
,LAMTOR5,
,MCPH1-AS1,
,ZNF736,
,TSNAX,
,MTUS2,
,AC009093.2,
,EMC1-AS1,
,NEPRO,
,CHD1L,
,C20orf196,
,RP11-1379J22.2,
,ILF3-AS1,
,CTC-490E21.12,
,BX470102.2,
,SCG5,
,YAE1,
,RPS14,
,GABARAPL2,
,TMEM132D,
,UBA52,
,RPL12P4,
,RP1-167F1.2,
,RP11-513I15.6,
,SSFA2,
,NACA2,
,C19orf43,
,VIMP,
,KDM2B-DT,
,MYO16,
,SLC4A5,
,TAGLN3,
,RP11-215A21.2,
,RP11-308D16.2,
,AFG3L1P,
,TFP1,
,RPS3AP6,
,AC105402.4,
,RP11-347P5.1,
,CTB-161M19.4,
,DNAJB11,
,SATB1,
,RESF1,
,CTD-2006C1.2,
,RP11-111F5.5,
,WI2-1896O14.1,
,PTMAP5,
,PTPLB,
,FOSB,
,RPS8,
,MPPED2-AS1,
,AC093297.2,
,AC093157.1,
,RPL6,
,DIRC2,
,CCBL2,
,RP1-159A19.3,
,RP11-317N12.1,
,RP11-299J3.8,
,RP11-446J8.1,
,GPR75-ASB3,
,BPGM,
,PCDH11Y,
,TENT4B,
,PLOD2,
,AC139887.2,
,LINC02234,
,AC005532.1,
,SEPP1,
,C18orf8,
,MIR9-3HG,
,OR2H2,
,LINC02245,
,ZNF772,
,AC025887.2,
,SRP19,
,RASSF8,
,RPL30,
,PLA2G16,
,RPS7P10,
,RPL7AP30,
,CTD-2515A14.1,
,RP11-774D14.1,
,SENP3,
,SNCG,
,UQCRQ,
,CTD-3006G17.2,
,GABPB1-IT1,
,AL117336.2,
,ZNF580,
,AL121827.2,
,SEZ6L,
,TUBB3,
,ELOA-AS1,
,C6orf1,
,CTD-2562J17.6,
,TMEM189,
,ST3GAL4,
,FCSK,
,DNAAF4,
,CNOT10,
,PPP4R3A,
,MFSD4B,
,C8orf46,
,RP11-752G15.8,
,DOPEY2,
,GUSBP2,
,RP11-727A23.10,
,LINC01470,
,PCNX3,
,NTM-AS1,
,SLC25A5,
,MRNIP,
,HIATL1,
,RP11-381K20.2,
,STAG3L2,
,LRRC37A16P,
,RP11-849H4.2,
,AC245187.2,
,CIAO2B,
,ZNF665,
,YWHAB,
,FBXO18,
,TSSC1,
,CTD-2541M15.1,
,PRSS23,
,RP11-275H4.1,
,RP5-857K21.6,
,CRYBB2P1,
,RP1-278E11.3,
,RP11-43D2.2,
,AC007389.3,
,RHBDL3,
,PSMD2,
,ZNF385B,
,GALNTL6,
,LINC02006,
,AC004893.11,
,RP11-6N13.1,
,RP11-268P4.5,
,RP11-242P2.1,
,CCDC144NL-AS1,
,IL1RAPL2,
,CEBPZ,
,MAIP1,
,AC068025.2,
,AC132872.1,
,FIRRE,
,SEPTIN3,
,ZNF75A,
,PCDHB3,
,STAG3L3,
,RP11-516C1.1,
,AC242426.2,
,ATP8B1,
,RCAN1,
,BEX4,
,CHERP,
,AC009403.2,
,NELL2,
,RP11-2B6.3,
,DSCR3,
,RPS7P1,
,GADD45B,
,C9orf89,
,MAP3K20,
,LINC00903,
,H3F3A,
,AC073342.1,
,AC095060.1,
,AC104964.4,
,PGGHG,
,RCC1L,
,AC026202.2,
,AC104806.2,
,AP001266.2,
,REPIN1,
,RP11-166O4.6,
,SPACA6P,
,RP11-468E2.1,
,HNRNPKP3,
,EEF1AKMT1,
,PPP1R37,
,AC090115.1,
,FAAP100,
,AC108047.1,
,HDGFL2,
,PHPT1,
,RSKR,
,CYREN,
,MAST4-IT1,
,RP11-16B13.1,
,RP11-274H2.2,
,RP11-31F15.2,
,PAPD5,
,SMG1P3,
,LUZP2,
,SEPT10,
,CTD-2378E12.1,
,MESDC2,
,MBL1P,
,ATP5PB,
,UGDH-AS1,
,RP11-296K13.4,
,RP1-184J9.2,
,DDX26B,
,RP11-72M17.1,
,RP11-203B9.4,
,RP11-592N21.1,
,TMTC1,
,ATP5MPL,
,NLRP1,
,FAM106A,
,LRRC37A3,
,KDM2B,
,ERC2,
,ATP6AP2,
,RP5-858L17.1,
,RP11-321A17.3,
,CLIC4,
,AL353743.2,
,AC026356.2,
,DISP3,
,AC027601.6,
,NDUFA13,
,PGAM1,
,C5orf28,
,OFCC1,
,RP11-242D8.1,
,AC008443.5,
,TMEM259,
,PRDX5,
,ANKRD30BL,
,DTD1,
,AC009315.1,
,LINC00963,
,Z84485.1,
,ITGB1-DT,
,AL591368.1,
,AL035530.2,
,LPPR2,
,CYR61,
,CTD-2378E21.1,
,RP5-965F6.2,
,RP4-591N18.2,
,TCEB3-AS1,
,AL078459.1,
,LINC00391,
,NDUFB7,
,SPOUT1,
,SELENOF,
,COPS9,
,AC104781.2,
,HEXA,
,JAKMIP2-AS1,
,RP11-398K22.12,
,RP11-219A15.1,
,CHN2,
,PAPD7,
,AL022238.2,
,AC027117.1,
,AC078785.1,
,AC026471.4,
,ALKBH6,
,AC090517.5,
,AL139424.2,
,RP11-436H11.1,
,AC008067.2,
,RP11-481C4.1,
,ABCB1,
,SUMO1,
,PCDHB9,
,SDHAF2,
,NCALD,
,MINDY2,
,TMEM14A,
,MHENCR,
,STUM,
,Z95331.1,
,AARSD1,
,PBX2,
,LINC02740,
,A2ML1-AS1,
,RFFL,
,RP11-321C24.1,
,ALS2CR11,
,RP11-57A19.4,
,RP11-160H12.2,
,CTD-2260A17.2,
,GATSL2,
,CTA-292E10.6,
,NDUFA12,
,AC012291.3,
,TMEM265,
,FAM53B,
,TMEM267,
,ATP5PF,
,AL357052.1,
,PRH1,
,RP11-798K3.2,
,VPRBP,
,RP11-138A9.2,
,C19orf60,
,AC012358.8,
,AC003991.3,
,C11orf73,
,AC124016.1,
,POLR2J,
,ATP2C2,
,RPS16,
,AC023424.3,
,CCDC148,
,RP5-972B16.2,
,FAM73B,
,NPM1P30,
,RP4-769N13.6,
,RP11-123O10.4,
,HPF1,
,EID1,
,BRK1,
,RP11-258C19.7,
,DPY19L2P2,
,RP11-109I13.2,
,SNX3,
,AC074286.1,
,PPP1R15A,
,NPIPA1,
,RP11-712B9.2,
,C4orf27,
,RP13-726E6.1,
,EP400NL,
,RP11-317J19.1,
,AC073218.1,
,RP11-410D17.2,
,SCAND2P,
,ZIM2-AS1,
,CDK3,
,ST6GALNAC5,
,AL096803.2,
,AL135910.1,
,LTC4S,
,GRIA1,
,INTS6L,
,AL354740.1,
,AC019270.1,
,AC092567.1,
,LINC01572,
,AC002070.1,
,PLPP5,
,AC097662.1,
,AC010809.2,
,AC125618.1,
,AL035681.1,
,AL049840.4,
,TSTD3,
,SEPT6,
,RP11-525K10.3,
,SEC14L2,
,LINC01182,
,BLOC1S6,
,KHDC4,
,HMGXB4,
,RCN1,
,AL627171.2,
,PTGR1,
,RP11-77K12.4,
,AC254562.3,
,PIN1,
,AL035071.1,
,CARNMT1,
,CRLF1,
,CDRT4,
,GABRB2,
,NR4A3,
,LINC02018,
,NDUFB11,
,RP1-104O17.2,
,NPIPP1,
,AC083884.8,
,RP11-640N11.2,
,CTC-340A15.2,
,LL22NC03-2H8.5,
,RP11-379B18.6,
,AC137894.3,
,FAM92A,
,AC096559.1,
,CHURC1-FNTB,
,OFD1P17,
,GS1-124K5.12,
,RP11-120D5.1,
,C9orf142,
,AP006621.5,
,FAHD2CP,
,AL807742.1,
,AC023051.1,
,SNCA,
,AC008127.1,
,ARL6IP5,
,ZFHX2-AS1,
,CYCS,
,GALNT17,
,ATP6V1D,
,RTF2,
,UQCRHL,
,HSD11B1L,
,RP11-572M11.4,
,AC005237.4,
,RP11-511B23.2,
,NDUFA1,
,CRYM,
,SHFL,
,THY1,
,LIMA1,
,MFSD14B,
,AC008771.1,
,TAFA2,
,MMUT,
,RAB6B,
,SOX21-AS1,
,RP11-181B18.1,
,AC018890.6,
,N6AMT2,
,TOMM70A,
,RP11-370I10.6,
,RP11-382A20.4,
,FAM134B,
,DIAPH3,
,BEX5,
,AC092839.3,
,RP11-503N18.5,
,RP11-248J23.6,
,ZNF271P,
,RPL30P4,
,DGCR5,
,PCDH11X,
,BCL2L14,
,CROCC,
,PAXX,
,ZNF709,
,CCDC80,
,PDK4,
,CD59,
,RP11-51J9.5,
,TBC1D3I,
,KIAA0430,
,HS3ST4,
,KCNH7,
,EEF1G,
,ATP1B1,
,SCPEP1,
,AC092650.1,
,NDUFA5,
,TEPSIN,
,CTD-2544M6.1,
,ERO1L,
,ADCK4,
,RP11-656D10.3,
,RPL35P2,
,ATP5S,
,RP11-770G2.2,
,SGK223,
,AP000473.5,
,AL359091.1,
,AC008050.1,
,AL513188.1,
,PCDHB5,
,HSP90AA1,
,ARHGAP8,
,FRMPD4,
,LINC01877,
,STARD13-AS,
,AP001029.2,
,GREB1L,
,POLR2L,
,CNTN4,
,CHRM3,
,EDARADD,
,GOLGA2P7,
,NDUFA6-AS1,
,CTC-321K16.1,
,RP11-114N19.3,
,LINC01950,
,CZIB,
,POU3F3,
,GRIN2B,
,AL021368.2,
,COX16,
,AL158840.1,
,C9orf16,
,SRP54-AS1,
,YAE1D1,
,NSUN5P2,
,PPIAP22,
,KIAA1279,
,ANKRD32,
,AC021086.1,
,AL158068.2,
,KCNH1,
,MIB2,
,C12orf40,
,AC034268.2,
,NGRN,
,TIGAR,
,RP11-624M8.1,
,RP11-544A12.8,
,AC004967.7,
,RP11-284F21.10,
,AF131217.1,
,SMIM26,
,LINC00937,
,ERCC8,
,APLP1,
,CAP2,
,ARPC4,
,AL391684.1,
,ARHGEF18,
,CAPN3,
,MUT,
,AMZ2P1,
,C7orf49,
,RP11-53O19.1,
,TEX261,
,DRAIC,
,KSR2,
,AKT1S1,
,RNASET2,
,AL139807.1,
,FAS,
,AL442071.2,
,OBI1,
,ERG28,
,NDUFB9,
,RP11-213G2.3,
,RP11-517I3.1,
,NDUFA9,
,PIK3C2B,
,SHC2,
,SPAG7,
,CDKL3,
,AP000892.4,
,RP11-66N24.4,
,RP11-649G15.2,
,TMEM261,
,RP11-478B9.1,
,RP11-640N20.6,
,C17orf89,
,RPL8,
,ECE2,
,GCC2-AS1,
,AC009299.3,
,AC246817.2,
,AC027682.4,
,AC019131.1,
,AL157829.1,
,TICAM2,
,ZNF547,
,TMEM268,
,AC003681.1,
,RP11-507B12.2,
,MORF4L1P1,
,ZNF559-ZNF177,
,RP11-799O21.2,
,AL133410.1,
,ELMO1,
,AL117329.1,
,ZNF790,
,MYL12B,
,DDX18,
,C8orf44-SGK3,
,AC012354.8,
,FAM134A,
,RP11-514P8.6,
,LINC00869,
,RP11-352M15.2,
,FLCN,
,GOSR2,
,SLC35F6,
,RAPGEFL1,
,RP4-651E10.4,
,RP11-815J21.4,
,FAM175B,
,AC008124.1,
,NDUFB3,
,SUB1,
,KIAA0753,
,ZSCAN26,
,C19orf53,
,LINC00943,
,ILF3-DT,
,PIGS,
,PLAAT3,
,RP11-755B10.2,
,C17orf62,
,RP11-478C6.4,
,LGR6,
,HACD2,
,MDH1,
,SYT14,
,SLC7A14-AS1,
,SYNPR,
,SYNJ2BP,
,AC091912.3,
,Z83843.1,
,WASH3P,
,RP11-196H14.2,
,RNASE10,
,AP000487.5,
,CTB-171A8.1,
,WASH1,
,RP11-187O7.3,
,C19orf66,
,CIAO3,
,BLOC1S5,
,AC004943.2,
,CTB-57H20.1,
,FAM46A,
,LINC00116,
,CTD-2201E18.3,
,RP11-22P4.1,
,C12orf5,
,CTD-2540M10.1,
,RQCD1,
,AL445250.1,
,NPAS4,
,NCK1-DT,
,AC116362.1,
,AC110614.1,
,AL096706.1,
,BBOF1,
,MACO1,
,TARDBP,
,DRAP1,
,AC123912.1,
,HMCN2,
,AC092944.1,
,LINS1,
,LRRC8D,
,TXNRD3,
,ALS2CR12,
,RP11-313P18.1,
,MSLN,
,GCN1L1,
,LRRC8C-DT,
,AC007785.1,
,AC007406.5,
,LINC02853,
,AP002748.6,
,STPG4,
,TMEM136,
,RP4-669L17.10,
,MYH13,
,RP11-15A1.3,
,RP11-394O2.3,
,AC024560.4,
,NGB,
,CYBC1,
,TRIM72,
,ERAP1,
,AC018638.7,
,AP002762.2,
,CHKB-DT,
,AC092910.3,
,AC090578.1,
,AC027031.2,
,AC124947.1,
,FILIP1L,
,RAPGEF4,
,ENPP7P10,
,RP3-461F17.3,
,LINS,
,FAM101A,
,ANKUB1,
,PIP5K1B,
,DIPK1C,
,FSIP2-AS1,
,NUCB2,
,AC022217.3,
,MIR325HG,
,C8orf59,
,LYRM5,
,CTD-2555O16.2,
,SEPT3,
,C1orf86,
,TMC7,
,GSDME,
,CASC15,
,LINC02306,
,SNRPD2,
,AC005332.5,
,LINC01833,
,AL513534.2,
,RTL8C,
,ARPC1A,
,FABP7,
,AP001528.1,
,BAIAP2L2,
,RAD51D,
,RP11-297D21.4,
,RBFOX3,
,APIP,
,MRPL33,
,PWP1,
,TALDO1,
,RRN3P1,
,CTC-338M12.4,
,BMS1P1,
,RP4-639F20.1,
,SORBS2,
,WBP1,
,CFAP47,
,AP000446.1,
,JPT1,
,AGPAT6,
,RPL5P34,
,RPL7P32,
,CTD-2034I4.1,
,NARFL,
,ZNF587B,
,ABHD17A,
,RAB27B,
,ZNF320,
,CPM,
,LINC02798,
,TCEAL2,
,POLN,
,AL133325.3,
,HAUS7,
,MYT1L,
,COL24A1,
,FEM1C,
,RP11-38L15.3,
,EFTUD1,
,RP11-66H6.3,
,RP13-270P17.2,
,RPS11P5,
,TMEM160,
,GPRIN1,
,AC136604.2,
,MT1F,
,COL4A3,
,AC036214.1,
,DENND10,
,TENT5A,
,ZNF385D,
,EEF1AKMT2,
,CSMD2,
,MMP23B,
,KIAA1217,
,PRRG1,
,RPS4XP11,
,GGTA1P,
,RPS13P2,
,ZNRD1-AS1,
,C9orf41,
,SETD8,
,RP11-10K16.1,
,RP11-154D6.1,
,RP11-1007O24.3,
,CTD-2270P14.1,
,AL160314.2,
,CYP4F22,
,ZNF511,
,AC006115.2,
,BBS1,
,ZNF7,
,MTRNR2L12,
,LINC02693,
,AL158064.1,
,MYO1D,
,EMG1,
,CYB5D2,
,RASA4,
,C3orf17,
,AC005037.3,
,FYB,
,CARKD,
,C6orf10,
,DNAH11,
,NAGLU,
,IFT80,
,AL162595.1,
,AL645608.7,
,SNRPD3,
,MAP2K3,
,AC090993.1,
,IQCG,
,AC026316.5,
,AL162511.1,
,C1orf123,
,RP11-145O15.3,
,AP000282.2,
,NOCT,
,TM9SF1,
,C4orf3,
,CTSL,
,AC106791.1,
,CUTA,
,ATP8A2,
,C4orf22,
,ZNF252P,
,FLJ16779,
,GS1-124K5.11,
,WBP5,
,STRA13,
,RP11-514P8.8,
,HMGB1P5,
,RETREG2,
,NEFL,
,GAS7,
,SPATA7,
,PAPPA2,
,UBL5P2,
,AC018816.3,
,C6orf203,
,RP11-161I2.1,
,FRAS1,
,SST,
,TMEM184C,
,CHMP4A,
,MRPS30-DT,
,SH3KBP1,
,NCOA7,
,PLXNA4,
,RP11-434I12.2,
,FAM217A,
,RP1-78O14.1,
,LINC01036,
,RP11-22P6.2,
,PKD1L2,
,BANK1,
,CLNK,
,STYXL1,
