Accession,downloadUrl
SRR9262917,https://sra-pub-run-odp.s3.amazonaws.com/sra/SRR9262917/SRR9262917
SRR9262918,https://sra-pub-run-odp.s3.amazonaws.com/sra/SRR9262918/SRR9262918
SRR9262919,https://sra-pub-run-odp.s3.amazonaws.com/sra/SRR9262919/SRR9262919
SRR9262920,https://sra-pub-run-odp.s3.amazonaws.com/sra/SRR9262920/SRR9262920
SRR9262921,https://sra-pub-run-odp.s3.amazonaws.com/sra/SRR9262921/SRR9262921
SRR9262922,https://sra-pub-run-odp.s3.amazonaws.com/sra/SRR9262922/SRR9262922
SRR9262923,https://sra-pub-run-odp.s3.amazonaws.com/sra/SRR9262923/SRR9262923
SRR9262924,https://sra-pub-run-odp.s3.amazonaws.com/sra/SRR9262924/SRR9262924
SRR9262925,https://sra-pub-run-odp.s3.amazonaws.com/sra/SRR9262925/SRR9262925
SRR9262926,https://sra-pub-run-odp.s3.amazonaws.com/sra/SRR9262926/SRR9262926
SRR9262927,https://sra-pub-run-odp.s3.amazonaws.com/sra/SRR9262927/SRR9262927
SRR9262928,https://sra-pub-run-odp.s3.amazonaws.com/sra/SRR9262928/SRR9262928
SRR9262929,https://sra-pub-run-odp.s3.amazonaws.com/sra/SRR9262929/SRR9262929
SRR9262930,https://sra-pub-run-odp.s3.amazonaws.com/sra/SRR9262930/SRR9262930
SRR9262931,https://sra-pub-run-odp.s3.amazonaws.com/sra/SRR9262931/SRR9262931
SRR9262932,https://sra-pub-run-odp.s3.amazonaws.com/sra/SRR9262932/SRR9262932
SRR9262933,https://sra-pub-run-odp.s3.amazonaws.com/sra/SRR9262933/SRR9262933
SRR9262934,https://sra-pub-run-odp.s3.amazonaws.com/sra/SRR9262934/SRR9262934
SRR9262935,https://sra-pub-run-odp.s3.amazonaws.com/sra/SRR9262935/SRR9262935
SRR9262936,https://sra-pub-run-odp.s3.amazonaws.com/sra/SRR9262936/SRR9262936
SRR9262937,https://sra-pub-run-odp.s3.amazonaws.com/sra/SRR9262937/SRR9262937
SRR9262938,https://sra-pub-run-odp.s3.amazonaws.com/sra/SRR9262938/SRR9262938
SRR9262939,https://sra-pub-run-odp.s3.amazonaws.com/sra/SRR9262939/SRR9262939
SRR9262940,https://sra-pub-run-odp.s3.amazonaws.com/sra/SRR9262940/SRR9262940
SRR9262941,https://sra-pub-run-odp.s3.amazonaws.com/sra/SRR9262941/SRR9262941
SRR9262942,https://sra-pub-run-odp.s3.amazonaws.com/sra/SRR9262942/SRR9262942
SRR9262943,https://sra-pub-run-odp.s3.amazonaws.com/sra/SRR9262943/SRR9262943
SRR9262944,https://sra-pub-run-odp.s3.amazonaws.com/sra/SRR9262944/SRR9262944
SRR9262945,https://sra-pub-run-odp.s3.amazonaws.com/sra/SRR9262945/SRR9262945
SRR9262946,https://sra-pub-run-odp.s3.amazonaws.com/sra/SRR9262946/SRR9262946
SRR9262947,https://sra-pub-run-odp.s3.amazonaws.com/sra/SRR9262947/SRR9262947
SRR9262948,https://sra-pub-run-odp.s3.amazonaws.com/sra/SRR9262948/SRR9262948
SRR9262949,https://sra-pub-run-odp.s3.amazonaws.com/sra/SRR9262949/SRR9262949
SRR9262950,https://sra-pub-run-odp.s3.amazonaws.com/sra/SRR9262950/SRR9262950
SRR9262951,https://sra-pub-run-odp.s3.amazonaws.com/sra/SRR9262951/SRR9262951
SRR9262952,https://sra-pub-run-odp.s3.amazonaws.com/sra/SRR9262952/SRR9262952
SRR9262953,https://sra-pub-run-odp.s3.amazonaws.com/sra/SRR9262953/SRR9262953
SRR9262954,https://sra-pub-run-odp.s3.amazonaws.com/sra/SRR9262954/SRR9262954
SRR9262955,https://sra-pub-run-odp.s3.amazonaws.com/sra/SRR9262955/SRR9262955
SRR9262956,https://sra-pub-run-odp.s3.amazonaws.com/sra/SRR9262956/SRR9262956
SRR9262957,https://sra-pub-run-odp.s3.amazonaws.com/sra/SRR9262957/SRR9262957
SRR9264381,https://sra-pub-run-odp.s3.amazonaws.com/sra/SRR9264381/SRR9264381
SRR9264382,https://sra-pub-run-odp.s3.amazonaws.com/sra/SRR9264382/SRR9264382
SRR9264383,https://sra-pub-run-odp.s3.amazonaws.com/sra/SRR9264383/SRR9264383
SRR9264384,https://sra-pub-run-odp.s3.amazonaws.com/sra/SRR9264384/SRR9264384
SRR9264385,https://sra-pub-run-odp.s3.amazonaws.com/sra/SRR9264385/SRR9264385
SRR9264386,https://sra-pub-run-odp.s3.amazonaws.com/sra/SRR9264386/SRR9264386
SRR9264387,https://sra-pub-run-odp.s3.amazonaws.com/sra/SRR9264387/SRR9264387
SRR9264388,https://sra-pub-run-odp.s3.amazonaws.com/sra/SRR9264388/SRR9264388
SRR9264389,https://sra-pub-run-odp.s3.amazonaws.com/sra/SRR9264389/SRR9264389
SRR9264390,https://sra-pub-run-odp.s3.amazonaws.com/sra/SRR9264390/SRR9264390
SRR9264391,https://sra-pub-run-odp.s3.amazonaws.com/sra/SRR9264391/SRR9264391
SRR9264392,https://sra-pub-run-odp.s3.amazonaws.com/sra/SRR9264392/SRR9264392
SRR9264393,https://sra-pub-run-odp.s3.amazonaws.com/sra/SRR9264393/SRR9264393
SRR9292593,https://sra-pub-run-odp.s3.amazonaws.com/sra/SRR9292593/SRR9292593
SRR9292594,https://sra-pub-run-odp.s3.amazonaws.com/sra/SRR9292594/SRR9292594
SRR9292595,https://sra-pub-run-odp.s3.amazonaws.com/sra/SRR9292595/SRR9292595
SRR9292596,https://sra-pub-run-odp.s3.amazonaws.com/sra/SRR9292596/SRR9292596
SRR9292597,https://sra-pub-run-odp.s3.amazonaws.com/sra/SRR9292597/SRR9292597
SRR9292598,https://sra-pub-run-odp.s3.amazonaws.com/sra/SRR9292598/SRR9292598
SRR9292599,https://sra-pub-run-odp.s3.amazonaws.com/sra/SRR9292599/SRR9292599
SRR9292600,https://sra-pub-run-odp.s3.amazonaws.com/sra/SRR9292600/SRR9292600
SRR9292601,https://sra-pub-run-odp.s3.amazonaws.com/sra/SRR9292601/SRR9292601
SRR9292602,https://sra-pub-run-odp.s3.amazonaws.com/sra/SRR9292602/SRR9292602
SRR9292603,https://sra-pub-run-odp.s3.amazonaws.com/sra/SRR9292603/SRR9292603
SRR9292604,https://sra-pub-run-odp.s3.amazonaws.com/sra/SRR9292604/SRR9292604
SRR9292605,https://sra-pub-run-odp.s3.amazonaws.com/sra/SRR9292605/SRR9292605
SRR9292606,https://sra-pub-run-odp.s3.amazonaws.com/sra/SRR9292606/SRR9292606
SRR9292607,https://sra-pub-run-odp.s3.amazonaws.com/sra/SRR9292607/SRR9292607
SRR9292608,https://sra-pub-run-odp.s3.amazonaws.com/sra/SRR9292608/SRR9292608
SRR9292609,https://sra-pub-run-odp.s3.amazonaws.com/sra/SRR9292609/SRR9292609
SRR9292610,https://sra-pub-run-odp.s3.amazonaws.com/sra/SRR9292610/SRR9292610
SRR9292611,https://sra-pub-run-odp.s3.amazonaws.com/sra/SRR9292611/SRR9292611
SRR9292612,https://sra-pub-run-odp.s3.amazonaws.com/sra/SRR9292612/SRR9292612
SRR9292613,https://sra-pub-run-odp.s3.amazonaws.com/sra/SRR9292613/SRR9292613
SRR9292614,https://sra-pub-run-odp.s3.amazonaws.com/sra/SRR9292614/SRR9292614
SRR9292615,https://sra-pub-run-odp.s3.amazonaws.com/sra/SRR9292615/SRR9292615
SRR9292616,https://sra-pub-run-odp.s3.amazonaws.com/sra/SRR9292616/SRR9292616
SRR9292617,https://sra-pub-run-odp.s3.amazonaws.com/sra/SRR9292617/SRR9292617
SRR9292618,https://sra-pub-run-odp.s3.amazonaws.com/sra/SRR9292618/SRR9292618
SRR9292619,https://sra-pub-run-odp.s3.amazonaws.com/sra/SRR9292619/SRR9292619
SRR9292620,https://sra-pub-run-odp.s3.amazonaws.com/sra/SRR9292620/SRR9292620
SRR9292621,https://sra-pub-run-odp.s3.amazonaws.com/sra/SRR9292621/SRR9292621
SRR9292622,https://sra-pub-run-odp.s3.amazonaws.com/sra/SRR9292622/SRR9292622
SRR9292623,https://sra-pub-run-odp.s3.amazonaws.com/sra/SRR9292623/SRR9292623
SRR9292624,https://sra-pub-run-odp.s3.amazonaws.com/sra/SRR9292624/SRR9292624
SRR9292625,https://sra-pub-run-odp.s3.amazonaws.com/sra/SRR9292625/SRR9292625
SRR9292626,https://sra-pub-run-odp.s3.amazonaws.com/sra/SRR9292626/SRR9292626
SRR9292627,https://sra-pub-run-odp.s3.amazonaws.com/sra/SRR9292627/SRR9292627
SRR9292628,https://sra-pub-run-odp.s3.amazonaws.com/sra/SRR9292628/SRR9292628
SRR9292629,https://sra-pub-run-odp.s3.amazonaws.com/sra/SRR9292629/SRR9292629
SRR9292630,https://sra-pub-run-odp.s3.amazonaws.com/sra/SRR9292630/SRR9292630
SRR9292631,https://sra-pub-run-odp.s3.amazonaws.com/sra/SRR9292631/SRR9292631
SRR9292632,https://sra-pub-run-odp.s3.amazonaws.com/sra/SRR9292632/SRR9292632
SRR9292633,https://sra-pub-run-odp.s3.amazonaws.com/sra/SRR9292633/SRR9292633
SRR9273182,https://sra-pub-run-odp.s3.amazonaws.com/sra/SRR9273182/SRR9273182
SRR9273183,https://sra-pub-run-odp.s3.amazonaws.com/sra/SRR9273183/SRR9273183
SRR9273184,https://sra-pub-run-odp.s3.amazonaws.com/sra/SRR9273184/SRR9273184
SRR9273185,https://sra-pub-run-odp.s3.amazonaws.com/sra/SRR9273185/SRR9273185
SRR9273186,https://sra-pub-run-odp.s3.amazonaws.com/sra/SRR9273186/SRR9273186
SRR9273187,https://sra-pub-run-odp.s3.amazonaws.com/sra/SRR9273187/SRR9273187
SRR9273188,https://sra-pub-run-odp.s3.amazonaws.com/sra/SRR9273188/SRR9273188
SRR9273189,https://sra-pub-run-odp.s3.amazonaws.com/sra/SRR9273189/SRR9273189
SRR9273190,https://sra-pub-run-odp.s3.amazonaws.com/sra/SRR9273190/SRR9273190
SRR9273191,https://sra-pub-run-odp.s3.amazonaws.com/sra/SRR9273191/SRR9273191
SRR9273192,https://sra-pub-run-odp.s3.amazonaws.com/sra/SRR9273192/SRR9273192
SRR9273193,https://sra-pub-run-odp.s3.amazonaws.com/sra/SRR9273193/SRR9273193
SRR9273194,https://sra-pub-run-odp.s3.amazonaws.com/sra/SRR9273194/SRR9273194
SRR9273195,https://sra-pub-run-odp.s3.amazonaws.com/sra/SRR9273195/SRR9273195
SRR9273196,https://sra-pub-run-odp.s3.amazonaws.com/sra/SRR9273196/SRR9273196
SRR9273197,https://sra-pub-run-odp.s3.amazonaws.com/sra/SRR9273197/SRR9273197
SRR9273198,https://sra-pub-run-odp.s3.amazonaws.com/sra/SRR9273198/SRR9273198
SRR9273199,https://sra-pub-run-odp.s3.amazonaws.com/sra/SRR9273199/SRR9273199
SRR9273200,https://sra-pub-run-odp.s3.amazonaws.com/sra/SRR9273200/SRR9273200
SRR9273201,https://sra-pub-run-odp.s3.amazonaws.com/sra/SRR9273201/SRR9273201
SRR9273202,https://sra-pub-run-odp.s3.amazonaws.com/sra/SRR9273202/SRR9273202
SRR9273203,https://sra-pub-run-odp.s3.amazonaws.com/sra/SRR9273203/SRR9273203
SRR9273204,https://sra-pub-run-odp.s3.amazonaws.com/sra/SRR9273204/SRR9273204
